customer_key,customer_id,customer_number,firstname,lastname,marital_status,gender,country,birth_date
1,11000,AW00011000,Jon,Yang,Married,Male,Australia,06-10-1971
2,11001,AW00011001,Eugene,Huang,Single,Male,Australia,10-05-1976
3,11002,AW00011002,Ruben,Torres,Married,Male,Australia,09-02-1971
4,11003,AW00011003,Christy,Zhu,Single,Female,Australia,14-08-1973
5,11004,AW00011004,Elizabeth,Johnson,Single,Female,Australia,05-08-1979
6,11005,AW00011005,Julio,Ruiz,Single,Male,Australia,01-08-1976
7,11006,AW00011006,Janet,Alvarez,Single,Female,Australia,02-12-1976
8,11007,AW00011007,Marco,Mehta,Married,Male,Australia,06-11-1969
9,11008,AW00011008,Rob,Verhoff,Single,Female,Australia,04-07-1975
10,11009,AW00011009,Shannon,Carlson,Single,Male,Australia,29-09-1969
11,11010,AW00011010,Jacquelyn,Suarez,Single,Female,Australia,05-08-1969
12,11011,AW00011011,Curtis,Lu,Married,Male,Australia,03-05-1969
13,11012,AW00011012,Lauren,Walker,Married,Female,United States,14-01-1979
14,11013,AW00011013,Ian,Jenkins,Married,Male,United States,03-08-1979
15,11014,AW00011014,Sydney,Bennett,Single,Female,United States,06-11-1973
16,11015,AW00011015,Chloe,Young,Single,Female,United States,26-08-1984
17,11016,AW00011016,Wyatt,Hill,Married,Male,United States,25-10-1984
18,11017,AW00011017,Shannon,Wang,Single,Female,Australia,24-12-1949
19,11018,AW00011018,Clarence,Rai,Single,Male,Australia,06-10-1955
20,11019,AW00011019,Luke,Lal,Single,Male,Canada,04-09-1983
21,11020,AW00011020,Jordan,King,Single,Male,Canada,19-03-1984
22,11021,AW00011021,Destiny,Wilson,Single,Female,United States,02-03-1984
23,11022,AW00011022,Ethan,Zhang,Married,Male,United States,10-04-1984
24,11023,AW00011023,Seth,Edwards,Married,Male,United States,09-04-1984
25,11024,AW00011024,Russell,Xie,Married,Male,United States,16-03-1984
26,11025,AW00011025,Alejandro,Beck,Married,Male,Australia,22-06-1951
27,11026,AW00011026,Harold,Sai,Single,Male,Australia,01-10-1951
28,11027,AW00011027,Jessie,Zhao,Married,Male,Australia,05-06-1952
29,11028,AW00011028,Jill,Jimenez,Married,Female,Australia,09-10-1951
30,11029,AW00011029,Jimmy,Moreno,Married,Male,Australia,19-06-1952
31,11030,AW00011030,Bethany,Yuan,Married,Female,Australia,18-02-1958
32,11031,AW00011031,Theresa,Ramos,Married,Female,Australia,18-02-1953
33,11032,AW00011032,Denise,Stone,Married,Female,Australia,08-12-1952
34,11033,AW00011033,Jaime,Nath,Married,Male,Australia,19-09-1958
35,11034,AW00011034,Ebony,Gonzalez,Married,Female,Australia,16-12-1952
36,11035,AW00011035,Wendy,Dominguez,Married,Female,Australia,23-08-1953
37,11036,AW00011036,Jennifer,Russell,Married,Female,United States,16-06-1984
38,11037,AW00011037,Chloe,Garcia,Single,Female,Canada,27-05-1983
39,11038,AW00011038,Diana,Hernandez,Married,Female,Australia,20-09-1953
40,11039,AW00011039,Marc,Martin,Married,Male,Australia,16-06-1954
41,11040,AW00011040,Jesse,Murphy,Married,Male,United States,29-01-1983
42,11041,AW00011041,Amanda,Carter,Married,Female,United States,15-04-1983
43,11042,AW00011042,Megan,Sanchez,Married,Female,United States,11-12-1982
44,11043,AW00011043,Nathan,Simmons,Married,Male,United States,23-08-1981
45,11044,AW00011044,Adam,Flores,Married,Male,Australia,21-11-1954
46,11045,AW00011045,Leonard,Nara,Single,Male,Australia,16-11-1955
47,11046,AW00011046,Christine,Yuan,Married,Female,Australia,19-09-1955
48,11047,AW00011047,Jaclyn,Lu,Married,Female,Australia,27-08-1955
49,11048,AW00011048,Jeremy,Powell,Married,Male,Australia,21-05-1956
50,11049,AW00011049,Carol,Rai,Single,Female,United States,15-01-1986
51,11050,AW00011050,Alan,Zheng,Married,Male,Australia,06-03-1957
52,11051,AW00011051,Daniel,Johnson,Single,Male,Australia,31-01-1957
53,11052,AW00011052,Heidi,Lopez,Single,Female,Australia,03-02-1957
54,11053,AW00011053,Ana,Price,Married,Female,United States,17-02-1986
55,11054,AW00011054,Deanna,Munoz,Married,Female,Australia,07-09-1957
56,11055,AW00011055,Gilbert,Raje,Married,Male,Australia,02-09-1957
57,11056,AW00011056,Michele,Nath,Married,Female,Australia,01-10-1958
58,11057,AW00011057,Carl,Andersen,Married,Male,Australia,07-04-1970
59,11058,AW00011058,Marc,Diaz,Married,Male,Australia,23-04-1965
60,11059,AW00011059,Ashlee,Andersen,Single,Female,Australia,29-09-1959
61,11060,AW00011060,Jon,Zhou,Married,Male,Australia,14-09-1959
62,11061,AW00011061,Todd,Gao,Married,Male,Australia,20-02-1976
63,11062,AW00011062,Noah,Powell,Married,Male,United States,01-03-1981
64,11063,AW00011063,Angela,Murphy,Single,Female,United States,04-10-1980
65,11064,AW00011064,Chase,Reed,Married,Male,United States,05-06-1981
66,11065,AW00011065,Jessica,Henderson,Married,Female,United States,08-04-1979
67,11066,AW00011066,Grace,Butler,Married,Female,United States,27-05-1979
68,11067,AW00011067,Caleb,Carter,Single,Male,United States,25-03-1982
69,11068,AW00011068,Tiffany,Liang,Single,Female,Australia,19-09-1966
70,11069,AW00011069,Carolyn,Navarro,Single,Female,Australia,17-09-1966
71,11070,AW00011070,Willie,Raji,Married,Male,Australia,02-10-1960
72,11071,AW00011071,Linda,Serrano,Single,Female,Australia,23-12-1960
73,11072,AW00011072,Casey,Luo,Single,Female,Australia,05-08-1960
74,11073,AW00011073,Amy,Ye,Single,Female,Australia,11-02-1962
75,11074,AW00011074,Levi,Arun,Single,Male,Australia,25-02-1962
76,11075,AW00011075,Felicia,Jimenez,Single,Female,Australia,16-05-1963
77,11076,AW00011076,Blake,Anderson,Single,Male,Australia,10-01-1963
78,11077,AW00011077,Leah,Ye,Single,Female,Australia,19-03-1963
79,11078,AW00011078,Gina,Martin,Single,Female,Canada,06-01-1985
80,11079,AW00011079,Donald,Gonzalez,Single,Male,Australia,07-03-1970
81,11080,AW00011080,Damien,Chander,Married,Male,Australia,13-01-1965
82,11081,AW00011081,Savannah,Baker,Married,Female,United States,21-01-1972
83,11082,AW00011082,Angela,Butler,Single,Female,United States,01-02-1972
84,11083,AW00011083,Alyssa,Cox,Married,Female,United States,11-03-1977
85,11084,AW00011084,Lucas,Phillips,Single,Male,United States,12-03-1963
86,11085,AW00011085,Emily,Johnson,Single,Female,United States,16-01-1963
87,11086,AW00011086,Ryan,Brown,Married,Male,United States,22-06-1963
88,11087,AW00011087,Tamara,Liang,Married,Female,United States,02-04-1963
89,11088,AW00011088,Hunter,Davis,Married,Male,United States,25-05-1963
90,11089,AW00011089,Abigail,Price,Single,Female,United States,05-08-1962
91,11090,AW00011090,Trevor,Bryant,Single,Male,United States,13-12-1968
92,11091,AW00011091,Dalton,Perez,Married,Male,Canada,02-10-1962
93,11092,AW00011092,Cheryl,Diaz,Married,Female,Australia,02-11-1972
94,11093,AW00011093,Aimee,He,Married,Female,Australia,06-09-1978
95,11094,AW00011094,Cedric,Ma,Single,Male,Australia,29-09-1967
96,11095,AW00011095,Chad,Kumar,Single,Male,Australia,29-02-1968
97,11096,AW00011096,Andrés,Anand,Married,Male,Australia,07-02-1968
98,11097,AW00011097,Edwin,Nara,Married,Male,Australia,23-10-1972
99,11098,AW00011098,Mallory,Rubio,Single,Female,Australia,29-10-1966
100,11099,AW00011099,Adam,Ross,Married,Male,Australia,05-09-1966
101,11100,AW00011100,Latasha,Navarro,Single,Female,Australia,15-03-1966
102,11101,AW00011101,Abby,Sai,Single,Female,Australia,05-11-1970
103,11102,AW00011102,Julia,Nelson,Single,Female,Australia,19-10-1970
104,11103,AW00011103,Cassie,Chande,Single,Female,Australia,12-04-1981
105,11104,AW00011104,Edgar,Sara,Married,Male,Australia,08-03-1975
106,11105,AW00011105,Candace,Fernandez,Single,Female,Australia,27-06-1970
107,11106,AW00011106,Jessie,Liu,Single,Male,Australia,11-03-1970
108,11107,AW00011107,Bianca,Lin,Married,Female,Australia,04-03-1976
109,11108,AW00011108,Kari,Alvarez,Single,Female,Australia,10-01-1969
110,11109,AW00011109,Ruben,Kapoor,Single,Male,Australia,30-04-1980
111,11110,AW00011110,Curtis,Yang,Married,Male,Australia,04-12-1967
112,11111,AW00011111,Meredith,Gutierrez,Married,Female,Australia,23-08-1967
113,11112,AW00011112,Crystal,Wang,Married,Female,Australia,08-03-1968
114,11113,AW00011113,Micheal,Blanco,Married,Male,Australia,17-02-1973
115,11114,AW00011114,Leslie,Moreno,Single,Female,Australia,25-11-1967
116,11115,AW00011115,Alvin,Cai,Married,Male,Australia,12-08-1967
117,11116,AW00011116,Clinton,Carlson,Married,Male,Australia,02-04-1979
118,11117,AW00011117,April,Deng,Married,Female,Australia,21-08-1966
119,11118,AW00011118,Alvin,Zeng,Single,Male,Australia,31-12-1962
120,11119,AW00011119,Evan,James,Single,Male,Australia,07-10-1940
121,11120,AW00011120,Beth,Jiménez,Single,Female,Australia,06-02-1942
122,11121,AW00011121,Orlando,Suarez,Married,Male,Australia,18-05-1966
123,11122,AW00011122,Byron,Vazquez,Married,Male,Australia,30-09-1965
124,11123,AW00011123,Philip,Alvarez,Married,Male,Australia,18-12-1965
125,11124,AW00011124,Ross,Jordan,Single,Male,Australia,23-07-1968
126,11125,AW00011125,Dana,Navarro,Single,Female,Australia,06-10-1961
127,11126,AW00011126,Shaun,Carson,Married,Male,Australia,05-10-1954
128,11127,AW00011127,Jan,Edwards,Married,Female,United States,19-04-1981
129,11128,AW00011128,Samantha,Long,Married,Female,United States,03-06-1981
130,11129,AW00011129,Julia,Wright,Single,Female,United States,01-02-1981
131,11130,AW00011130,Caroline,Russell,Married,Female,United States,05-07-1985
132,11131,AW00011131,Amanda,Rivera,Married,Female,Canada,09-09-1985
133,11132,AW00011132,Melissa,Richardson,Single,Female,Canada,25-04-1986
134,11133,AW00011133,Angela,Griffin,Single,Female,United States,08-03-1986
135,11134,AW00011134,Larry,Townsend,Single,Male,Australia,22-02-1957
136,11135,AW00011135,Marcus,Harris,Single,Male,United States,02-05-1985
137,11136,AW00011136,Brianna,Morgan,Single,Female,Canada,24-04-1984
138,11137,AW00011137,Jasmine,Taylor,Married,Female,United States,17-01-1984
139,11138,AW00011138,Lauren,Davis,Married,Female,United States,14-03-1984
140,11139,AW00011139,Tanya,Moreno,Single,Female,Australia,05-11-1949
141,11140,AW00011140,Javier,Alvarez,Single,Male,United States,11-08-1982
142,11141,AW00011141,Nicole,Ramirez,Married,Female,United States,19-12-1982
143,11142,AW00011142,Eduardo,Patterson,Single,Male,Canada,11-02-1983
144,11143,AW00011143,Jonathan,Henderson,Married,Male,United States,04-08-1982
145,11144,AW00011144,Edward,Hernandez,Single,Male,United States,08-03-1985
146,11145,AW00011145,Jasmine,Coleman,Single,Female,United States,06-06-1985
147,11146,AW00011146,Karla,Goel,Single,Female,Australia,22-02-1945
148,11147,AW00011147,Ernest,Wu,Married,Male,Australia,04-08-1944
149,11148,AW00011148,Ross,Vazquez,Married,Male,Australia,13-02-1947
150,11149,AW00011149,Theodore,Gill,Married,Male,Australia,18-10-1946
151,11150,AW00011150,Russell,Shen,Single,Male,Australia,12-09-1946
152,11151,AW00011151,Melinda,Gill,Single,Female,Australia,25-08-1947
153,11152,AW00011152,James,Williams,Single,Male,United States,09-07-1981
154,11153,AW00011153,Angela,James,Married,Female,United States,21-12-1981
155,11154,AW00011154,Megan,Walker,Single,Female,United States,18-02-1982
156,11155,AW00011155,Hunter,Robinson,Single,Male,United States,25-07-1981
157,11156,AW00011156,Maria,Roberts,Single,Female,United States,06-08-1981
158,11157,AW00011157,Hannah,Long,Married,Female,United States,08-12-1980
159,11158,AW00011158,Jason,Wright,Single,Male,United States,06-04-1981
160,11159,AW00011159,Brianna,Hughes,Single,Female,United States,16-03-1981
161,11160,AW00011160,Maurice,Tang,Single,Male,United States,08-07-1979
162,11161,AW00011161,Emily,Wood,Single,Female,United States,20-10-1979
163,11162,AW00011162,Chase,Cox,Single,Male,United States,02-09-1979
164,11163,AW00011163,Gabriel,Wang,Married,Male,United States,18-06-1980
165,11164,AW00011164,Devin,Brooks,Single,Male,United States,02-11-1979
166,11165,AW00011165,Jocelyn,Alexander,Married,Female,United States,15-01-1979
167,11166,AW00011166,Ashley,Martinez,Single,Female,United States,22-10-1977
168,11167,AW00011167,Jasmine,Barnes,Single,Female,United States,29-01-1978
169,11168,AW00011168,David,Rodriguez,Single,Male,United States,12-11-1973
170,11169,AW00011169,Bryce,Richardson,Married,Male,United States,20-12-1973
171,11170,AW00011170,Carol,Howard,Married,Female,United States,04-08-1973
172,11171,AW00011171,Jonathan,Hill,Single,Male,United States,05-10-1978
173,11172,AW00011172,Gabrielle,Adams,Married,Female,United States,20-05-1973
174,11173,AW00011173,Sarah,Thomas,Single,Female,United States,28-02-1973
175,11174,AW00011174,Nicholas,Robinson,Married,Male,United States,09-01-1973
176,11175,AW00011175,Luis,Wang,Single,Male,United States,01-09-1968
177,11176,AW00011176,Mason,Roberts,Married,Male,Canada,21-01-1979
178,11177,AW00011177,Jose,Flores,Married,Male,United States,01-01-1948
179,11178,AW00011178,Nathan,Johnson,Married,Male,United States,20-08-1954
180,11179,AW00011179,Molly,Rodriguez,Married,Female,United States,08-12-1959
181,11180,AW00011180,April,Anand,Married,Female,United States,01-07-1948
182,11181,AW00011181,Devin,Martin,Married,Male,United States,01-02-1960
183,11182,AW00011182,Stephanie,Torres,Single,Female,United States,22-02-1950
184,11183,AW00011183,Jasmine,Lee,Single,Female,United States,12-01-1950
185,11184,AW00011184,Meghan,Hernandez,Single,Female,United States,13-11-1955
186,11185,AW00011185,Ashley,Henderson,Single,Female,Canada,07-04-1950
187,11186,AW00011186,Sarah,Price,Single,Female,United States,18-11-1949
188,11187,AW00011187,Jennifer,Cooper,Married,Female,United States,21-08-1949
189,11188,AW00011188,Catherine,Morris,Married,Female,United States,06-03-1950
190,11189,AW00011189,Lawrence,Blanco,Single,Male,United States,12-01-1950
191,11190,AW00011190,Carson,Bryant,Married,Male,United States,20-12-1949
192,11191,AW00011191,Kristi,Perez,Single,Female,United States,17-06-1951
193,11192,AW00011192,James,Brown,Married,Male,United States,13-03-1951
194,11193,AW00011193,Ian,Gray,Married,Male,United States,13-08-1950
195,11194,AW00011194,Jacqueline,Price,Married,Female,United States,08-12-1950
196,11195,AW00011195,Megan,Henderson,Married,Female,United States,10-08-1951
197,11196,AW00011196,Alfredo,Romero,Married,Male,United States,05-12-1951
198,11197,AW00011197,Andrea,Morris,Married,Female,United States,16-12-1951
199,11198,AW00011198,Brooke,Sanders,Single,Female,United States,25-05-1952
200,11199,AW00011199,Jacqueline,Bennett,Married,Female,United States,02-11-1957
201,11200,AW00011200,Jason,Griffin,Married,Male,Canada,21-05-1953
202,11201,AW00011201,Amanda,Foster,Married,Female,United States,14-02-1953
203,11202,AW00011202,Alexia,Price,Married,Female,United States,22-08-1958
204,11203,AW00011203,Luis,Diaz,Married,Male,Canada,18-08-1959
205,11204,AW00011204,Destiny,Rivera,Married,Female,United States,29-11-1953
206,11205,AW00011205,Abby,Fernandez,Married,Female,United States,21-01-1954
207,11206,AW00011206,Blake,Flores,Married,Male,United States,24-03-1954
208,11207,AW00011207,Danielle,Cox,Single,Female,United States,16-01-1954
209,11208,AW00011208,Maria,Reed,Married,Female,United States,03-08-1953
210,11209,AW00011209,Allison,Evans,Married,Female,United States,12-07-1953
211,11210,AW00011210,Edward,Wood,Married,Male,United States,06-12-1953
212,11211,AW00011211,Samantha,Russell,Married,Female,Canada,08-10-1960
213,11212,AW00011212,Chloe,Campbell,Married,Female,Canada,05-05-1955
214,11213,AW00011213,Stephanie,Murphy,Single,Female,United States,11-11-1954
215,11214,AW00011214,Charles,Miller,Single,Male,United States,07-05-1955
216,11215,AW00011215,Ana,Perry,Married,Female,Canada,17-06-1961
217,11216,AW00011216,Jasmine,Torres,Single,Female,United States,17-11-1955
218,11217,AW00011217,Natalie,Adams,Single,Female,United States,11-08-1955
219,11218,AW00011218,Olivia,Brown,Single,Female,United States,07-09-1961
220,11219,AW00011219,Charles,Cook,Married,Male,United States,31-05-1956
221,11220,AW00011220,Erica,Huang,Married,Female,United States,19-02-1961
222,11221,AW00011221,Nathan,Perry,Married,Male,United States,08-12-1955
223,11222,AW00011222,Alexandra,Rivera,Married,Female,United States,14-02-1956
224,11223,AW00011223,Hailey,Patterson,Single,Female,Canada,15-03-1957
225,11224,AW00011224,Tiffany,Li,Single,Female,United States,05-03-1957
226,11225,AW00011225,Madison,Lee,Married,Female,United States,12-02-1962
227,11226,AW00011226,Sydney,Ross,Married,Female,United States,23-09-1962
228,11227,AW00011227,Marshall,Chavez,Single,Male,United States,08-08-1962
229,11228,AW00011228,Ashley,Jones,Married,Female,United States,16-10-1956
230,11229,AW00011229,Adrian,Stewart,Single,Male,United States,01-06-1957
231,11230,AW00011230,Amber,Turner,Married,Female,United States,30-09-1956
232,11231,AW00011231,Dennis,Zhang,Married,Male,United States,11-11-1963
233,11232,AW00011232,Hailey,Bryant,Married,Female,United States,27-03-1958
234,11233,AW00011233,Todd,Li,Married,Male,United States,06-09-1963
235,11234,AW00011234,Anna,Griffin,Single,Female,United States,19-05-1958
236,11235,AW00011235,Angel,Stewart,Married,Male,United States,07-08-1957
237,11236,AW00011236,Jeremy,Butler,Single,Male,United States,02-09-1957
238,11237,AW00011237,Clarence,Anand,Single,Male,Germany,22-03-1964
239,11238,AW00011238,Mayra,Prasad,Single,Female,United Kingdom,07-02-1964
240,11239,AW00011239,Latoya,Goel,Married,Female,United Kingdom,02-10-1969
241,11240,AW00011240,Anne,Hernandez,Married,Female,United Kingdom,09-06-1964
242,11241,AW00011241,Lisa,Cai,Single,Female,France,06-04-1974
243,11242,AW00011242,Larry,Munoz,Married,Male,France,11-05-1963
244,11243,AW00011243,Robin,Alvarez,Married,Female,United Kingdom,08-04-1963
245,11244,AW00011244,Alexis,Coleman,Single,Female,United Kingdom,22-11-1968
246,11245,AW00011245,Ricky,Vazquez,Married,Male,Germany,26-04-1962
247,11246,AW00011246,Latasha,Rubio,Married,Female,Germany,08-04-1962
248,11247,AW00011247,Claudia,Zhou,Single,Female,United Kingdom,04-12-1961
249,11248,AW00011248,Tristan,Alexander,Married,Male,France,22-03-1966
250,11249,AW00011249,Cindy,Patel,Married,Female,Germany,09-07-1966
251,11250,AW00011250,Shannon,Liu,Married,Female,United Kingdom,08-03-1966
252,11251,AW00011251,Xavier,Long,Single,Male,Canada,01-01-1938
253,11252,AW00011252,Nicholas,Thompson,Single,Male,United States,05-12-1937
254,11253,AW00011253,José,Hernandez,Married,Male,Canada,24-08-1949
255,11254,AW00011254,Johnathan,Vance,Married,Male,United States,31-08-1938
256,11255,AW00011255,Colin,Lin,Married,Male,United States,02-10-1938
257,11256,AW00011256,Katelyn,Hernandez,Married,Female,United States,20-03-1939
258,11257,AW00011257,Jacqueline,Powell,Single,Female,United States,
259,11258,AW00011258,Xavier,Hill,Married,Male,United States,26-12-1938
260,11259,AW00011259,Victoria,Stewart,Married,Female,United States,24-09-1970
261,11260,AW00011260,Katelyn,Kelly,Married,Female,United States,08-04-1976
262,11261,AW00011261,Stephanie,Collins,Married,Female,United States,22-10-1970
263,11262,AW00011262,Jennifer,Simmons,Married,Female,Canada,01-05-1975
264,11263,AW00011263,Trinity,Richardson,Married,Female,United States,11-03-1970
265,11264,AW00011264,Eduardo,Martin,Single,Male,United States,15-12-1969
266,11265,AW00011265,Elizabeth,Jones,Married,Female,United States,10-01-1970
267,11266,AW00011266,Taylor,Howard,Single,Female,United States,02-11-1969
268,11267,AW00011267,David,Diaz,Single,Male,United States,29-09-1975
269,11268,AW00011268,Katelyn,Carter,Married,Female,United States,31-10-1969
270,11269,AW00011269,Ryan,Foster,Married,Male,United States,10-10-1975
271,11270,AW00011270,Robert,Lee,Married,Male,United States,01-05-1975
272,11271,AW00011271,Danielle,Reed,Single,Female,United States,03-12-1969
273,11272,AW00011272,Lauren,Martinez,Single,Female,United States,10-05-1962
274,11273,AW00011273,Nathan,Lal,Married,Male,United States,31-03-1962
275,11274,AW00011274,Kyle,Foster,Married,Male,United States,10-10-1939
276,11275,AW00011275,Jenny,Rai,Married,Female,United States,18-07-1939
277,11276,AW00011276,Nancy,Chapman,Married,Female,Canada,15-09-1974
278,11277,AW00011277,Charles,Jackson,Married,Male,Canada,07-12-1968
279,11278,AW00011278,Jonathan,Phillips,Single,Male,United States,16-02-1969
280,11279,AW00011279,Amanda,Cook,Married,Female,United States,08-09-1974
281,11280,AW00011280,Robert,Collins,Married,Male,United States,17-02-1969
282,11281,AW00011281,Megan,Barnes,Single,Female,United States,06-10-1974
283,11282,AW00011282,Christian,Thomas,Married,Male,United States,16-07-1967
284,11283,AW00011283,Arturo,Lal,Married,Male,United States,24-04-1968
285,11284,AW00011284,Theresa,Serrano,Married,Female,United States,24-09-1967
286,11285,AW00011285,Jeremy,Anderson,Married,Male,United States,15-03-1973
287,11286,AW00011286,Hunter,Griffin,Married,Male,United States,31-08-1967
288,11287,AW00011287,Henry,Garcia,Married,Male,Canada,16-07-1966
289,11288,AW00011288,Cindy,Sanchez,Married,Female,United States,12-03-1978
290,11289,AW00011289,Maria,Carter,Married,Female,United States,03-03-1972
291,11290,AW00011290,Katelyn,Sanchez,Married,Female,United States,14-08-1972
292,11291,AW00011291,Jenna,Wright,Married,Female,United States,01-05-1972
293,11292,AW00011292,Seth,Phillips,Single,Male,United States,05-05-1967
294,11293,AW00011293,Luke,Long,Single,Male,United States,23-11-1960
295,11294,AW00011294,Dalton,Clark,Married,Male,United States,02-03-1961
296,11295,AW00011295,Taylor,Lewis,Single,Female,United States,13-11-1959
297,11296,AW00011296,Haley,Richardson,Single,Female,United States,05-04-1941
298,11297,AW00011297,Noah,Coleman,Single,Male,United States,01-08-1940
299,11298,AW00011298,Jon,Luo,Married,Male,United States,30-08-1940
300,11299,AW00011299,Orlando,Vazquez,Married,Male,United States,29-09-1941
301,11300,AW00011300,Fernando,Barnes,Married,Male,Canada,31-08-1965
302,11301,AW00011301,Cameron,Rodriguez,Married,Male,United States,07-12-1965
303,11302,AW00011302,Spencer,Russell,Single,Male,United States,09-12-1971
304,11303,AW00011303,Julia,Coleman,Single,Female,United States,10-04-1966
305,11304,AW00011304,Julia,Garcia,Married,Female,United States,14-03-1971
306,11305,AW00011305,Sean,Evans,Married,Male,United States,17-12-1965
307,11306,AW00011306,Micah,Zhou,Married,Male,United States,20-12-1965
308,11307,AW00011307,Hunter,Rodriguez,Married,Male,United States,31-10-1965
309,11308,AW00011308,Ian,Gonzales,Married,Male,United States,02-09-1959
310,11309,AW00011309,Victoria,Lewis,Single,Female,United States,10-12-1959
311,11310,AW00011310,Erin,Sanders,Single,Female,United States,05-07-1964
312,11311,AW00011311,Gabrielle,Lopez,Single,Female,United States,21-02-1959
313,11312,AW00011312,Sara,Richardson,Single,Female,United States,01-10-1958
314,11313,AW00011313,Trevor,Jenkins,Single,Male,United States,27-08-1958
315,11314,AW00011314,Mya,Flores,Single,Female,United States,16-06-1970
316,11315,AW00011315,Hailey,Ward,Single,Female,United States,31-03-1959
317,11316,AW00011316,Luke,Allen,Married,Male,Canada,17-05-1959
318,11317,AW00011317,Victoria,Russell,Single,Female,United States,14-09-1963
319,11318,AW00011318,Jessica,Wilson,Single,Female,United States,25-04-1958
320,11319,AW00011319,Jade,Bailey,Married,Female,United States,23-04-1948
321,11320,AW00011320,Morgan,Hill,Married,Female,United States,24-12-1942
322,11321,AW00011321,Terrance,Raman,Married,Male,United States,05-01-1944
323,11322,AW00011322,Sydney,Garcia,Married,Female,United States,12-09-1943
324,11323,AW00011323,Jose,Patterson,Single,Male,United States,18-12-1943
325,11324,AW00011324,Zachary,Anderson,Married,Male,United States,10-11-1944
326,11325,AW00011325,Elijah,Ross,Single,Male,United States,29-12-1944
327,11326,AW00011326,Rafael,Xie,Married,Male,United States,23-12-1944
328,11327,AW00011327,Jaime,Moreno,Married,Male,United States,01-09-1945
329,11328,AW00011328,Julian,Griffin,Married,Male,Canada,30-06-1945
330,11329,AW00011329,Andy,Alvarez,Single,Male,United States,22-01-1946
331,11330,AW00011330,Ryan,Thompson,Married,Male,Canada,10-11-1945
332,11331,AW00011331,Samantha,Jenkins,Married,Female,Canada,03-01-1974
333,11332,AW00011332,Deanna,Ramos,Single,Female,Germany,02-04-1968
334,11333,AW00011333,Emily,Miller,Married,Female,United Kingdom,07-01-1968
335,11334,AW00011334,Nicole,Brown,Married,Female,United Kingdom,19-09-1966
336,11335,AW00011335,Carla,Raman,Married,Female,Germany,18-12-1977
337,11336,AW00011336,Shaun,Raji,Married,Male,France,08-03-1973
338,11337,AW00011337,Jerome,Romero,Married,Male,United Kingdom,21-03-1967
339,11338,AW00011338,Frank,Navarro,Married,Male,Germany,06-08-1972
340,11339,AW00011339,Dennis,She,Single,Male,France,05-01-1967
341,11340,AW00011340,Melody,Munoz,Married,Female,France,03-04-1947
342,11341,AW00011341,Randy,Zeng,Married,Male,United Kingdom,18-02-1942
343,11342,AW00011342,Marshall,Wang,Married,Male,France,07-03-1973
344,11343,AW00011343,Arthur,Carlson,Married,Male,United Kingdom,09-03-1975
345,11344,AW00011344,Jessie,Jimenez,Married,Female,United Kingdom,21-01-1963
346,11345,AW00011345,Robin,Ramos,Single,Female,France,09-09-1962
347,11346,AW00011346,Deanna,Gutierrez,Single,Female,France,18-05-1966
348,11347,AW00011347,Roy,Navarro,Married,Male,Germany,17-06-1972
349,11348,AW00011348,Shawn,Rai,Married,Male,Germany,21-03-1961
350,11349,AW00011349,Mindy,Luo,Married,Female,Germany,30-08-1965
351,11350,AW00011350,Cara,Zhou,Married,Female,United Kingdom,14-07-1942
352,11351,AW00011351,Anne,Ramos,Single,Female,United Kingdom,02-04-1950
353,11352,AW00011352,Raymond,Rodriguez,Married,Male,France,04-09-1945
354,11353,AW00011353,Carrie,Ortega,Single,Female,United Kingdom,09-12-1946
355,11354,AW00011354,Deanna,Suarez,Married,Female,Germany,23-08-1947
356,11355,AW00011355,Roberto,Gutierrez,Married,Male,United Kingdom,26-06-1948
357,11356,AW00011356,Terrence,Carson,Single,Male,Australia,24-11-1985
358,11357,AW00011357,Ramon,Ye,Single,Male,Australia,19-09-1984
359,11358,AW00011358,Cynthia,Malhotra,Single,Female,Australia,10-05-1984
360,11359,AW00011359,Jarrod,Prasad,Single,Male,Australia,03-03-1984
361,11360,AW00011360,Tyrone,Serrano,Single,Male,Australia,30-01-1984
362,11361,AW00011361,Cindy,Ramos,Married,Female,Australia,26-10-1982
363,11362,AW00011362,Damien,Shan,Married,Male,Australia,11-05-1983
364,11363,AW00011363,Julian,Ross,Single,Male,Australia,19-04-1983
365,11364,AW00011364,Jennifer,Collins,Single,Female,Australia,22-03-1985
366,11365,AW00011365,Brittney,Sun,Single,Female,Australia,06-12-1984
367,11366,AW00011366,Virginia,Patel,Married,Female,Australia,23-04-1985
368,11367,AW00011367,Calvin,Nara,Married,Male,Australia,21-08-1984
369,11368,AW00011368,Edward,Miller,Single,Male,Australia,24-05-1984
370,11369,AW00011369,Ashlee,Tang,Married,Female,Australia,01-02-1984
371,11370,AW00011370,Alicia,Xu,Married,Female,Australia,29-09-1983
372,11371,AW00011371,Lacey,Jai,Married,Female,Australia,24-11-1983
373,11372,AW00011372,Wendy,Romero,Single,Female,Australia,12-11-1983
374,11373,AW00011373,Carly,Luo,Married,Female,Germany,16-09-1954
375,11374,AW00011374,Jimmy,Ortega,Single,Male,Germany,25-12-1948
376,11375,AW00011375,Francisco,Martinez,Married,Male,United Kingdom,05-11-1948
377,11376,AW00011376,Lance,Vazquez,Single,Male,United Kingdom,07-12-1948
378,11377,AW00011377,David,Robinett,Married,Male,Germany,23-08-1966
379,11378,AW00011378,Shannon,Liang,Single,Female,France,19-11-1965
380,11379,AW00011379,Gary,Vazquez,Married,Male,France,13-05-1976
381,11380,AW00011380,Mitchell,Kumar,Single,Male,Germany,29-08-1964
382,11381,AW00011381,Meredith,Raman,Married,Female,United Kingdom,18-08-1970
383,11382,AW00011382,Edward,Patterson,Married,Male,France,15-07-1974
384,11383,AW00011383,Marie,Gill,Married,Female,France,25-02-1966
385,11384,AW00011384,Tiffany,Wang,Married,Female,France,13-10-1971
386,11385,AW00011385,Miguel,Allen,Single,Male,United Kingdom,08-08-1971
387,11386,AW00011386,Jaclyn,Cai,Married,Female,Germany,02-11-1971
388,11387,AW00011387,Megan,Ramirez,Single,Female,United Kingdom,29-11-1964
389,11388,AW00011388,Joseph,Martin,Married,Male,United Kingdom,20-01-1965
390,11389,AW00011389,Karl,Shan,Single,Male,Germany,20-04-1981
391,11390,AW00011390,Christine,Raji,Single,Female,France,17-04-1976
392,11391,AW00011391,Lindsay,Xie,Single,Female,Germany,25-06-1976
393,11392,AW00011392,Willie,Zhao,Single,Male,Germany,03-02-1981
394,11393,AW00011393,Kurt,Pal,Single,Male,France,17-07-1974
395,11394,AW00011394,George,McDonald,Single,Male,United Kingdom,22-04-1975
396,11395,AW00011395,Beth,Gutierrez,Single,Female,Germany,16-04-1976
397,11396,AW00011396,Ian,Lopez,Married,Male,Germany,04-04-1975
398,11397,AW00011397,Latoya,Shan,Single,Female,France,02-12-1974
399,11398,AW00011398,Colin,Nath,Single,Male,United Kingdom,09-03-1975
400,11399,AW00011399,Brenda,Mehta,Single,Female,France,01-02-1975
401,11400,AW00011400,Franklin,Raji,Single,Male,United Kingdom,15-04-1980
402,11401,AW00011401,Linda,Navarro,Married,Female,France,23-02-1975
403,11402,AW00011402,Kelli,Cai,Married,Female,France,20-05-1975
404,11403,AW00011403,Nancy,Schmidt,Single,Female,France,06-01-1980
405,11404,AW00011404,Megan,Taylor,Single,Female,Germany,30-06-1957
406,11405,AW00011405,Bonnie,Goel,Single,Female,Germany,16-08-1957
407,11406,AW00011406,Latoya,Xu,Married,Female,France,31-12-1957
408,11407,AW00011407,Mario,She,Married,Male,Germany,30-09-1957
409,11408,AW00011408,Darren,Gill,Married,Male,United Kingdom,10-05-1964
410,11409,AW00011409,Jacqueline,Hayes,Single,Female,France,02-03-1979
411,11410,AW00011410,Maurice,Goel,Married,Male,France,
412,11411,AW00011411,Devin,Ross,Married,Male,Germany,12-08-1959
413,11412,AW00011412,Sydney,Bryant,Single,Female,Germany,07-10-1959
414,11413,AW00011413,Megan,Stewart,Married,Female,United Kingdom,13-10-1959
415,11414,AW00011414,Ian,Richardson,Single,Male,United Kingdom,15-09-1959
416,11415,AW00011415,Randy,She,Single,Male,Germany,03-12-1949
417,11416,AW00011416,Katrina,Becker,Married,Female,France,16-09-1950
418,11417,AW00011417,Lacey,Zheng,Married,Female,France,26-08-1950
419,11418,AW00011418,Rafael,Hu,Single,Male,Germany,09-08-1950
420,11419,AW00011419,Kyle,Scott,Married,Male,United Kingdom,18-08-1950
421,11420,AW00011420,Jordan,Turner,Married,Male,France,09-01-1952
422,11421,AW00011421,Amy,Sun,Married,Female,Germany,16-01-1952
423,11422,AW00011422,Dustin,Deng,Married,Male,United Kingdom,29-02-1952
424,11423,AW00011423,Jasmine,Stewart,Married,Female,Germany,04-05-1960
425,11424,AW00011424,Pamela,Garcia,Married,Female,Germany,03-12-1964
426,11425,AW00011425,Ariana,Gray,Married,Female,France,02-08-1965
427,11426,AW00011426,Kristopher,Mehta,Married,Male,Germany,01-04-1959
428,11427,AW00011427,Desiree,Dominguez,Married,Female,Germany,17-06-1959
429,11428,AW00011428,Deanna,Perez,Single,Female,Germany,19-02-1959
430,11429,AW00011429,Marco,Lopez,Married,Male,France,13-01-1958
431,11430,AW00011430,Casey,Yuan,Married,Female,Germany,21-09-1957
432,11431,AW00011431,Bryant,Garcia,Married,Male,Germany,20-10-1974
433,11432,AW00011432,Dominique,Prasad,Married,Female,France,10-03-1957
434,11433,AW00011433,Maurice,Shan,Married,Male,France,01-03-1957
435,11434,AW00011434,Andre,Lopez,Married,Male,United Kingdom,02-05-1962
436,11435,AW00011435,Robin,Romero,Single,Female,Germany,03-09-1955
437,11436,AW00011436,Taylor,Cox,Married,Female,United Kingdom,17-03-1956
438,11437,AW00011437,Alfredo,Moreno,Married,Male,France,16-06-1955
439,11438,AW00011438,Jenny,Nara,Married,Female,Germany,13-04-1955
440,11439,AW00011439,Janet,Munoz,Married,Female,France,14-11-1953
441,11440,AW00011440,Sergio,Weber,Married,Male,France,26-03-1953
442,11441,AW00011441,Erika,Gomez,Married,Female,France,09-12-1952
443,11442,AW00011442,Joseph,Harris,Married,Male,France,13-05-1953
444,11443,AW00011443,Grace,Griffin,Single,Female,Australia,19-11-1981
445,11444,AW00011444,Tina,Mehta,Married,Female,Australia,26-10-1981
446,11445,AW00011445,Kari,Kim,Single,Female,Australia,18-01-1980
447,11446,AW00011446,Bethany,Chander,Single,Female,Australia,09-02-1980
448,11447,AW00011447,Jennifer,Roberts,Married,Female,Australia,13-02-1980
449,11448,AW00011448,Kyle,Patterson,Single,Male,Australia,25-10-1980
450,11449,AW00011449,Alvin,Hu,Married,Male,Australia,01-08-1980
451,11450,AW00011450,Brett,Mehta,Single,Male,Australia,11-05-1981
452,11451,AW00011451,Ruben,Muñoz,Single,Male,Australia,08-05-1980
453,11452,AW00011452,Erika,Rubio,Single,Female,Australia,05-05-1979
454,11453,AW00011453,Stanley,Malhotra,Single,Male,Australia,17-08-1984
455,11454,AW00011454,Melinda,Navarro,Single,Female,Australia,20-10-1979
456,11455,AW00011455,Ross,Sanz,Married,Male,Australia,19-10-1979
457,11456,AW00011456,Jon,Gao,Married,Male,Australia,05-01-1980
458,11457,AW00011457,Jaime,Gutierrez,Married,Female,Australia,18-11-1978
459,11458,AW00011458,Bianca,Liu,Married,Female,Australia,03-10-1978
460,11459,AW00011459,Tasha,Deng,Single,Female,Australia,12-04-1978
461,11460,AW00011460,Melvin,Chande,Single,Male,Australia,04-10-1983
462,11461,AW00011461,Victor,Jimenez,Single,Male,Australia,22-09-1977
463,11462,AW00011462,Laura,Lin,Married,Female,Australia,18-07-1977
464,11463,AW00011463,Alisha,Beck,Married,Female,Australia,09-09-1977
465,11464,AW00011464,Alejandro,Huang,Married,Male,Australia,15-05-1977
466,11465,AW00011465,Louis,Luo,Married,Male,Australia,18-08-1976
467,11466,AW00011466,Grant,Tang,Married,Male,Australia,30-01-1977
468,11467,AW00011467,Arturo,Zheng,Married,Male,Australia,06-04-1975
469,11468,AW00011468,Jaclyn,Andersen,Married,Female,United Kingdom,15-12-1980
470,11469,AW00011469,Edwin,Raji,Single,Male,United Kingdom,14-10-1978
471,11470,AW00011470,Jay,Suarez,Single,Male,Germany,25-03-1979
472,11471,AW00011471,Latasha,Suarez,Single,Female,France,25-03-1979
473,11472,AW00011472,Kenneth,Kumar,Single,Male,Australia,30-09-1968
474,11473,AW00011473,Grace,Henderson,Single,Female,France,30-01-1986
475,11474,AW00011474,Melvin,Xu,Single,Male,United Kingdom,21-08-1985
476,11475,AW00011475,Cesar,Subram,Single,Male,United Kingdom,07-04-1984
477,11476,AW00011476,Erika,Navarro,Married,Female,United Kingdom,16-05-1980
478,11477,AW00011477,Tristan,Hughes,Single,Male,Germany,21-06-1984
479,11478,AW00011478,Billy,Hernandez,Single,Male,France,22-02-1984
480,11479,AW00011479,Darryl,Wu,Married,Male,France,20-10-1978
481,11480,AW00011480,Colleen,Ma,Married,Female,France,07-03-1984
482,11481,AW00011481,Erica,Hu,Married,Female,Germany,20-11-1978
483,11482,AW00011482,Adrienne,Torres,Single,Female,United Kingdom,16-01-1978
484,11483,AW00011483,Calvin,Chande,Married,Male,France,19-05-1983
485,11484,AW00011484,Erick,Sai,Single,Male,Germany,03-03-1983
486,11485,AW00011485,Donald,Chandra,Married,Male,United Kingdom,04-02-1978
487,11486,AW00011486,Ariana,Rogers,Single,Female,Germany,21-05-1982
488,11487,AW00011487,Morgan,Jones,Single,Female,France,05-01-1977
489,11488,AW00011488,Jermaine,Lopez,Single,Male,United Kingdom,20-03-1977
490,11489,AW00011489,Deborah,Goel,Single,Female,United Kingdom,03-09-1976
491,11490,AW00011490,Danny,Rubio,Single,Male,France,05-07-1976
492,11491,AW00011491,Andre,Perez,Married,Male,United Kingdom,02-04-1982
493,11492,AW00011492,Terrence,Chander,Single,Male,Germany,15-11-1982
494,11493,AW00011493,Dawn,Wu,Single,Female,United Kingdom,31-05-1976
495,11494,AW00011494,Jimmy,Gutierrez,Single,Male,United Kingdom,25-01-1976
496,11495,AW00011495,Francis,Jimenez,Single,Male,Germany,03-03-1977
497,11496,AW00011496,Gary,Ortega,Single,Male,United Kingdom,15-04-1976
498,11497,AW00011497,Katrina,Nath,Single,Female,United Kingdom,22-11-1981
499,11498,AW00011498,Arturo,Sun,Single,Male,Canada,15-07-1979
500,11499,AW00011499,Pedro,Vance,Single,Male,United States,13-05-1980
501,11500,AW00011500,Sarah,Simmons,Single,Female,Canada,17-03-1980
502,11501,AW00011501,Brandy,Chandra,Single,Female,Canada,03-01-1981
503,11502,AW00011502,Jared,Peterson,Single,Male,Canada,03-09-1980
504,11503,AW00011503,Dennis,Wu,Married,Male,United States,11-04-1936
505,11504,AW00011504,Jordan,Baker,Married,Female,United States,17-10-1936
506,11505,AW00011505,Jasmine,Powell,Single,Female,Canada,04-01-1972
507,11506,AW00011506,Nicholas,Brown,Single,Male,Canada,14-11-1971
508,11507,AW00011507,Isabella,Russell,Single,Female,Canada,19-05-1972
509,11508,AW00011508,Elizabeth,Wilson,Single,Female,United States,04-01-1972
510,11509,AW00011509,Roger,Harui,Married,Female,United States,22-07-1964
511,11510,AW00011510,Seth,Roberts,Married,Male,Canada,10-01-1959
512,11511,AW00011511,Caleb,Perry,Married,Male,United States,10-06-1964
513,11512,AW00011512,Natalie,Campbell,Single,Female,Canada,05-08-1976
514,11513,AW00011513,Alyssa,Howard,Single,Female,Canada,23-09-1965
515,11514,AW00011514,Dalton,Diaz,Married,Male,United States,16-04-1965
516,11515,AW00011515,Shannon,Huang,Married,Female,United States,25-08-1959
517,11516,AW00011516,Mya,Gonzales,Married,Female,United States,13-10-1976
518,11517,AW00011517,Katherine,Bryant,Married,Female,United States,18-12-1959
519,11518,AW00011518,Edward,Washington,Married,Male,United States,06-11-1960
520,11519,AW00011519,Jerome,Navarro,Married,Male,Canada,13-09-1960
521,11520,AW00011520,Jada,Morgan,Married,Female,Canada,08-10-1960
522,11521,AW00011521,Ariana,Peterson,Married,Female,United States,01-12-1977
523,11522,AW00011522,Christian,Hughes,Married,Male,United States,17-06-1972
524,11523,AW00011523,Lucas,Taylor,Married,Male,Canada,07-02-1962
525,11524,AW00011524,Alyssa,Jackson,Married,Female,United States,22-07-1961
526,11525,AW00011525,Ariana,Cook,Married,Female,United States,08-07-1961
527,11526,AW00011526,Katherine,Diaz,Married,Female,Canada,30-01-1973
528,11527,AW00011527,Jenna,Green,Married,Female,United States,02-12-1961
529,11528,AW00011528,Joan,Washington,Married,Female,United States,15-08-1968
530,11529,AW00011529,Austin,Bryant,Married,Male,United States,16-05-1963
531,11530,AW00011530,Andrew,Martinez,Married,Male,Canada,23-01-1963
532,11531,AW00011531,Nina,Yuan,Married,Female,United States,07-07-1962
533,11532,AW00011532,Lauren,Miller,Married,Female,United States,26-08-1962
534,11533,AW00011533,Ebony,Gill,Married,Female,United States,17-07-1968
535,11534,AW00011534,Cameron,Lewis,Single,Male,United States,12-05-1964
536,11535,AW00011535,Devin,Nelson,Married,Male,United States,31-12-1963
537,11536,AW00011536,Logan,Chow,Married,Male,United States,13-04-1969
538,11537,AW00011537,Dakota,Ross,Married,Male,United States,21-09-1963
539,11538,AW00011538,Nicole,Taylor,Single,Female,United States,24-02-1965
540,11539,AW00011539,Justin,Washington,Married,Male,United States,18-08-1970
541,11540,AW00011540,Alberto,Navarro,Single,Male,United States,24-01-1970
542,11541,AW00011541,Aidan,Ross,Single,Male,United States,09-10-1964
543,11542,AW00011542,Alejandro,Tang,Single,Male,United Kingdom,07-09-1979
544,11543,AW00011543,Sheena,Chande,Married,Female,France,16-08-1973
545,11544,AW00011544,Joel,Garcia,Married,Male,Germany,04-05-1979
546,11545,AW00011545,Reginald,Dominguez,Married,Male,France,22-09-1973
547,11546,AW00011546,Christine,Chande,Married,Female,France,11-09-1973
548,11547,AW00011547,Cindy,Sai,Married,Female,France,05-03-1979
549,11548,AW00011548,Raymond,Sanchez,Single,Male,United Kingdom,11-04-1974
550,11549,AW00011549,Crystal,Liang,Married,Female,United Kingdom,03-09-1979
551,11550,AW00011550,Deb,Torres,Single,Female,United Kingdom,05-08-1979
552,11551,AW00011551,Shannon,Alvarez,Single,Male,France,
553,11552,AW00011552,Eddie,Rubio,Single,Male,Germany,23-11-1972
554,11553,AW00011553,Sharon,Luo,Married,Female,United Kingdom,08-03-1973
555,11554,AW00011554,Sydney,Simmons,Single,Female,France,27-03-1932
556,11555,AW00011555,Alexandria,Henderson,Married,Female,United Kingdom,04-07-1937
557,11556,AW00011556,Lucas,Evans,Married,Male,United Kingdom,10-11-1972
558,11557,AW00011557,Felicia,Ramos,Single,Female,United Kingdom,14-07-1972
559,11558,AW00011558,Ivan,Malhotra,Single,Male,United Kingdom,18-02-1973
560,11559,AW00011559,Frederick,Subram,Single,Male,Germany,12-12-1978
561,11560,AW00011560,Whitney,Srini,Single,Female,United Kingdom,09-08-1978
562,11561,AW00011561,Briana,Dominguez,Single,Female,Germany,21-01-1972
563,11562,AW00011562,Jarrod,Gonzalez,Married,Male,Germany,
564,11563,AW00011563,Cesar,Srini,Single,Male,United Kingdom,01-08-1971
565,11564,AW00011564,Jorge,Liang,Single,Male,Germany,09-01-1972
566,11565,AW00011565,Erik,Diaz,Single,Male,United Kingdom,30-12-1971
567,11566,AW00011566,April,Shan,Married,Female,France,01-03-1973
568,11567,AW00011567,Carla,Perez,Married,Female,Germany,19-09-1978
569,11568,AW00011568,Alexia,Foster,Single,Female,United Kingdom,21-04-1972
570,11569,AW00011569,Troy,Malhotra,Married,Male,United Kingdom,06-05-1977
571,11570,AW00011570,Kristin,Andersen,Married,Female,Germany,22-07-1971
572,11571,AW00011571,Joel,Sai,Married,Male,France,15-11-1971
573,11572,AW00011572,Billy,Moreno,Married,Male,France,11-03-1977
574,11573,AW00011573,Meagan,Subram,Single,Female,United Kingdom,11-11-1976
575,11574,AW00011574,Karla,Luo,Single,Female,United Kingdom,14-01-1971
576,11575,AW00011575,Jackson,Campbell,Single,Male,United Kingdom,19-10-1970
577,11576,AW00011576,Micah,Zhu,Married,Male,France,10-08-1970
578,11577,AW00011577,Janet,Serrano,Married,Female,France,21-04-1971
579,11578,AW00011578,Trisha,Huang,Single,Female,France,08-05-1970
580,11579,AW00011579,Clayton,Beck,Single,Male,United Kingdom,13-02-1981
581,11580,AW00011580,Melvin,Raje,Married,Male,United Kingdom,12-03-1939
582,11581,AW00011581,Cindy,Jordan,Married,Female,France,
583,11582,AW00011582,Claudia,Ma,Single,Female,France,09-04-1974
584,11583,AW00011583,Karla,Xu,Single,Female,France,26-03-1971
585,11584,AW00011584,Devin,Carter,Married,Male,Germany,22-05-1971
586,11585,AW00011585,Kari,Perez,Married,Female,United Kingdom,04-03-1976
587,11586,AW00011586,Alberto,Romero,Married,Male,United Kingdom,14-06-1971
588,11587,AW00011587,Kevin,Bryant,Single,Male,France,18-10-1975
589,11588,AW00011588,Candace,Mehta,Married,Female,France,11-01-1970
590,11589,AW00011589,Ebony,Malhotra,Married,Female,United Kingdom,01-05-1975
591,11590,AW00011590,Erika,Diaz,Single,Female,France,12-04-1980
592,11591,AW00011591,Stacey,Lu,Single,Female,France,12-11-1968
593,11592,AW00011592,Darrell,Raji,Single,Male,France,03-03-1984
594,11593,AW00011593,Armando,Moreno,Single,Male,France,22-09-1982
595,11594,AW00011594,Corey,Goel,Single,Male,France,03-05-1985
596,11595,AW00011595,Sebastian,Howard,Single,Male,Germany,29-12-1984
597,11596,AW00011596,Roger,Raje,Married,Male,United Kingdom,02-03-1969
598,11597,AW00011597,Janelle,Chandra,Single,Female,France,06-08-1983
599,11598,AW00011598,Meredith,Ruiz,Single,Female,Germany,30-12-1983
600,11599,AW00011599,Melody,Diaz,Single,Female,France,16-03-1983
601,11600,AW00011600,Linda,Rubio,Single,Female,France,05-10-1982
602,11601,AW00011601,Ivan,Raman,Single,Male,France,18-02-1983
603,11602,AW00011602,Larry,Gill,Single,Male,Germany,11-10-1982
604,11603,AW00011603,Geoffrey,Gonzalez,Single,Male,United Kingdom,06-08-1982
605,11604,AW00011604,Edgar,Sanchez,Single,Male,United Kingdom,01-12-1982
606,11605,AW00011605,Heidi,Subram,Single,Female,Germany,20-05-1982
607,11606,AW00011606,Melody,Ramos,Single,Female,France,30-01-1986
608,11607,AW00011607,Clinton,Moreno,Single,Male,France,05-05-1986
609,11608,AW00011608,Cesar,Madan,Single,Male,France,01-09-1981
610,11609,AW00011609,Eugene,Ye,Single,Male,United Kingdom,24-12-1981
611,11610,AW00011610,Blake,Collins,Single,Male,United Kingdom,20-10-1980
612,11611,AW00011611,Ernest,Lin,Married,Male,France,23-02-1985
613,11612,AW00011612,Keith,Andersen,Single,Male,United Kingdom,07-10-1985
614,11613,AW00011613,Meredith,Prasad,Single,Female,Germany,02-05-1981
615,11614,AW00011614,Katrina,Sharma,Single,Female,Germany,13-02-1981
616,11615,AW00011615,Dwayne,Navarro,Married,Male,United Kingdom,20-05-1981
617,11616,AW00011616,Casey,Nath,Married,Female,United Kingdom,05-09-1980
618,11617,AW00011617,Sean,Brooks,Single,Male,United States,01-10-1964
619,11618,AW00011618,Brian,Ramirez,Married,Male,Canada,21-10-1964
620,11619,AW00011619,Sierra,Young,Single,Female,Canada,29-10-1978
621,11620,AW00011620,Megan,Rodriguez,Single,Female,United States,18-10-1978
622,11621,AW00011621,Leah,She,Single,Female,United States,19-08-1978
623,11622,AW00011622,Gabriel,Allen,Married,Male,United States,16-06-1979
624,11623,AW00011623,Angela,Perry,Single,Female,United States,25-12-1978
625,11624,AW00011624,Ryan,Smith,Single,Male,United States,19-03-1984
626,11625,AW00011625,Zachary,Moore,Married,Male,United States,19-07-1978
627,11626,AW00011626,Destiny,Rogers,Married,Female,United States,12-12-1978
628,11627,AW00011627,Dalton,Gray,Married,Male,United States,27-08-1978
629,11628,AW00011628,Mariah,Wood,Single,Female,United States,14-11-1977
630,11629,AW00011629,Isaiah,Wright,Single,Male,United States,07-08-1976
631,11630,AW00011630,Haley,Powell,Married,Female,United States,23-06-1977
632,11631,AW00011631,Antonio,Bennett,Married,Male,Canada,12-08-1976
633,11632,AW00011632,Alexandra,Jenkins,Married,Female,Canada,02-05-1982
634,11633,AW00011633,Thomas,Anderson,Married,Male,United States,23-11-1977
635,11634,AW00011634,Samuel,Collins,Married,Male,United States,10-12-1977
636,11635,AW00011635,Darrell,Chande,Married,Male,United States,11-08-1983
637,11636,AW00011636,Kimberly,Cox,Single,Female,United States,21-06-1978
638,11637,AW00011637,Morgan,Hernandez,Married,Female,United States,11-08-1983
639,11638,AW00011638,Antonio,Powell,Married,Male,United States,09-09-1977
640,11639,AW00011639,Angelica,Perry,Married,Female,United States,22-06-1978
641,11640,AW00011640,Chloe,Wilson,Married,Female,Canada,31-10-1975
642,11641,AW00011641,James,Chen,Married,Male,Canada,09-02-1976
643,11642,AW00011642,Morgan,Hughes,Married,Female,Canada,24-06-1976
644,11643,AW00011643,Naomi,Munoz,Married,Female,United States,24-01-1976
645,11644,AW00011644,Charles,Torres,Single,Male,United States,06-04-1975
646,11645,AW00011645,Gabriella,Turner,Single,Female,United States,18-04-1975
647,11646,AW00011646,Anna,Foster,Single,Female,United States,15-03-1980
648,11647,AW00011647,Randy,Wu,Single,Male,Canada,22-03-1975
649,11648,AW00011648,Kevin,Scott,Single,Male,United States,12-04-1980
650,11649,AW00011649,Ian,White,Married,Male,United States,23-01-1980
651,11650,AW00011650,Caleb,Hayes,Married,Male,United States,23-01-1975
652,11651,AW00011651,Patricia,Garcia,Married,Female,Canada,13-12-1982
653,11652,AW00011652,Samuel,Russell,Married,Male,Canada,01-05-1982
654,11653,AW00011653,Sydney,Peterson,Single,Female,United States,04-06-1982
655,11654,AW00011654,Ariana,Sanchez,Married,Female,United States,18-03-1977
656,11655,AW00011655,Tamara,Sharma,Single,Female,United States,28-03-1982
657,11656,AW00011656,Katelyn,Perez,Married,Female,United States,19-03-1977
658,11657,AW00011657,Megan,Cox,Married,Female,United States,31-10-1976
659,11658,AW00011658,Robert,Mitchell,Married,Male,United States,03-08-1985
660,11659,AW00011659,Miguel,Adams,Single,Male,Canada,20-10-1974
661,11660,AW00011660,Miranda,Gonzales,Married,Female,Canada,19-01-1980
662,11661,AW00011661,Jeremiah,James,Single,Male,Canada,03-01-1981
663,11662,AW00011662,Ethan,Kumar,Single,Male,United States,01-01-1976
664,11663,AW00011663,Seth,Williams,Married,Male,United States,25-08-1975
665,11664,AW00011664,Alyssa,Morgan,Single,Female,United States,09-08-1975
666,11665,AW00011665,Janet,Dominguez,Married,Female,United States,11-06-1976
667,11666,AW00011666,Angel,Baker,Married,Male,United States,13-12-1981
668,11667,AW00011667,Blake,Moore,Married,Male,United States,18-12-1972
669,11668,AW00011668,Jada,Collins,Single,Female,United States,02-03-1984
670,11669,AW00011669,Isabella,Simmons,Single,Female,United States,17-10-1978
671,11670,AW00011670,Jacqueline,Perry,Single,Female,United States,15-04-1973
672,11671,AW00011671,Jessica,Brown,Single,Female,United States,15-11-1971
673,11672,AW00011672,Chad,Jai,Married,Male,United States,20-03-1972
674,11673,AW00011673,Susan,Ye,Single,Female,United States,03-02-1977
675,11674,AW00011674,Morgan,Rogers,Married,Female,United States,15-02-1972
676,11675,AW00011675,Devin,Martinez,Single,Male,United States,29-01-1977
677,11676,AW00011676,Alan,Hu,Married,Male,United States,13-08-1971
678,11677,AW00011677,Charles,Walker,Single,Male,Canada,10-10-1980
679,11678,AW00011678,Johnny,Chavez,Married,Male,United States,28-07-1974
680,11679,AW00011679,Dalton,Richardson,Married,Male,United States,05-11-1974
681,11680,AW00011680,Kaylee,Nelson,Married,Female,United States,04-03-1975
682,11681,AW00011681,Abigail,Jones,Married,Female,United States,04-02-1975
683,11682,AW00011682,Kaitlyn,Hall,Married,Female,United States,12-03-1980
684,11683,AW00011683,Greg,Taylor,Married,Male,United States,05-07-1974
685,11684,AW00011684,Devin,Parker,Single,Male,United States,31-03-1971
686,11685,AW00011685,Jose,Griffin,Married,Male,United States,07-08-1970
687,11686,AW00011686,Luke,Edwards,Single,Male,United States,09-04-1976
688,11687,AW00011687,Cody,Torres,Single,Male,United States,09-07-1976
689,11688,AW00011688,Victoria,Morris,Single,Female,United States,21-12-1976
690,11689,AW00011689,Ian,Diaz,Married,Male,United States,06-03-1971
691,11690,AW00011690,Caroline,Butler,Married,Female,United States,10-01-1976
692,11691,AW00011691,Kaitlyn,Wilson,Single,Female,United States,30-12-1974
693,11692,AW00011692,Caleb,Gonzales,Married,Male,United States,17-12-1969
694,11693,AW00011693,Hailey,Diaz,Single,Female,Canada,21-09-1975
695,11694,AW00011694,Jonathon,Ortega,Married,Male,United States,21-09-1969
696,11695,AW00011695,Logan,Campbell,Married,Male,United States,10-07-1969
697,11696,AW00011696,Mackenzie,Campbell,Single,Female,United States,02-04-1975
698,11697,AW00011697,Eduardo,Lee,Married,Male,United States,21-06-1975
699,11698,AW00011698,Jackson,Wright,Married,Male,Canada,22-11-1975
700,11699,AW00011699,Chase,Peterson,Single,Male,United States,12-09-1968
701,11700,AW00011700,Xavier,Richardson,Single,Male,United States,24-05-1969
702,11701,AW00011701,David,Hayes,Married,Male,United States,16-08-1985
703,11702,AW00011702,Jenny,Zhou,Single,Female,United States,13-10-1974
704,11703,AW00011703,Kaylee,Baker,Single,Female,United States,22-12-1973
705,11704,AW00011704,Evan,Hernandez,Single,Male,United States,29-11-1973
706,11705,AW00011705,Brooke,Richardson,Single,Female,United States,18-05-1979
707,11706,AW00011706,Blake,Perez,Married,Male,United States,13-08-1968
708,11707,AW00011707,Natalie,Cook,Single,Female,United States,20-06-1969
709,11708,AW00011708,Elizabeth,Weisman,Single,Female,United States,15-09-1974
710,11709,AW00011709,Hailey,Collins,Single,Female,Canada,18-08-1968
711,11710,AW00011710,Zoe,Ramirez,Married,Female,United States,17-09-1967
712,11711,AW00011711,Daniel,Davis,Single,Male,Canada,04-12-1973
713,11712,AW00011712,Shelby,Rogers,Married,Female,Canada,02-05-1968
714,11713,AW00011713,Kyle,Zhang,Married,Male,United States,17-09-1967
715,11714,AW00011714,Alexandria,Long,Married,Female,United States,16-04-1968
716,11715,AW00011715,Chloe,Robinson,Married,Female,United States,20-03-1968
717,11716,AW00011716,Evan,Kelly,Single,Male,United States,20-04-1967
718,11717,AW00011717,Marcus,Jones,Married,Male,United States,29-08-1972
719,11718,AW00011718,Sarah,Jones,Married,Female,United States,10-11-1972
720,11719,AW00011719,Blake,Green,Married,Male,Canada,05-05-1971
721,11720,AW00011720,Morgan,Morris,Married,Female,United States,23-09-1965
722,11721,AW00011721,Jennifer,Alexander,Married,Female,United States,18-01-1971
723,11722,AW00011722,Julian,Hughes,Married,Male,United States,30-12-1965
724,11723,AW00011723,Luke,Coleman,Single,Male,Canada,17-02-1973
725,11724,AW00011724,Jason,Carter,Single,Male,Canada,12-10-1972
726,11725,AW00011725,Jose,Li,Single,Male,United States,16-03-1973
727,11726,AW00011726,Micah,Liang,Single,Male,United States,13-01-1973
728,11727,AW00011727,Benjamin,Taylor,Single,Male,United States,05-01-1973
729,11728,AW00011728,Logan,White,Married,Male,United States,06-07-1965
730,11729,AW00011729,Caleb,Campbell,Married,Male,United States,03-05-1971
731,11730,AW00011730,Emma,Torres,Married,Female,United States,01-04-1966
732,11731,AW00011731,Tanya,Gill,Married,Female,United States,16-02-1966
733,11732,AW00011732,Erick,Sanchez,Married,Male,United States,04-02-1970
734,11733,AW00011733,Kristi,Schmidt,Married,Female,United States,23-07-1970
735,11734,AW00011734,Omar,Chen,Married,Male,United States,21-08-1970
736,11735,AW00011735,Sydney,Gray,Married,Female,United States,21-07-1964
737,11736,AW00011736,Sebastian,Sanchez,Married,Male,United States,21-09-1970
738,11737,AW00011737,Megan,Martin,Married,Female,United States,04-02-1970
739,11738,AW00011738,Elijah,Alexander,Married,Male,Canada,05-10-1970
740,11739,AW00011739,Aaron,King,Married,Male,Canada,10-11-1964
741,11740,AW00011740,Jan,Hall,Married,Female,Canada,21-10-1964
742,11741,AW00011741,Tamara,Chander,Married,Female,United States,22-01-1965
743,11742,AW00011742,Edward,Lewis,Single,Male,United States,01-05-1964
744,11743,AW00011743,Chase,Kelly,Married,Male,United States,09-09-1974
745,11744,AW00011744,Stephanie,Campbell,Married,Female,United States,06-03-1964
746,11745,AW00011745,Allison,Gonzalez,Married,Female,United States,11-04-1964
747,11746,AW00011746,Seth,Brooks,Single,Male,United States,30-05-1964
748,11747,AW00011747,Destiny,Davis,Married,Female,United States,09-08-1963
749,11748,AW00011748,Blake,Hill,Married,Male,Canada,15-01-1964
750,11749,AW00011749,Eduardo,Jackson,Married,Male,Australia,09-09-1980
751,11750,AW00011750,Latoya,She,Married,Female,Australia,17-09-1984
752,11751,AW00011751,Victoria,Gonzales,Married,Female,Australia,14-01-1976
753,11752,AW00011752,Lauren,Bryant,Married,Female,Australia,03-05-1981
754,11753,AW00011753,Felicia,Ortega,Married,Female,Australia,15-09-1975
755,11754,AW00011754,Janet,Ortega,Married,Female,Australia,05-01-1976
756,11755,AW00011755,Willie,Pal,Married,Male,Australia,12-11-1973
757,11756,AW00011756,Linda,Ortega,Single,Female,Australia,13-03-1974
758,11757,AW00011757,Vincent,Cai,Married,Male,Australia,11-05-1979
759,11758,AW00011758,Colin,Yuan,Married,Male,Australia,19-12-1979
760,11759,AW00011759,Dawn,Nath,Married,Female,Australia,18-11-1980
761,11760,AW00011760,Melody,Moreno,Married,Female,Australia,25-04-1973
762,11761,AW00011761,Edgar,Mehta,Single,Male,Australia,16-10-1972
763,11762,AW00011762,Randall,Gomez,Married,Male,Australia,17-02-1984
764,11763,AW00011763,Ross,Fernandez,Married,Male,Australia,10-08-1972
765,11764,AW00011764,Jessie,Ramos,Single,Female,Australia,13-01-1973
766,11765,AW00011765,Marc,Torres,Married,Male,Australia,06-04-1983
767,11766,AW00011766,Candace,Raman,Single,Female,Australia,01-01-1972
768,11767,AW00011767,Meagan,Madan,Single,Female,Australia,20-05-1977
769,11768,AW00011768,Clayton,Nara,Married,Male,Australia,03-04-1983
770,11769,AW00011769,Haley,Hernandez,Single,Female,Canada,14-02-1979
771,11770,AW00011770,Peter,Nara,Single,Male,United States,20-02-1979
772,11771,AW00011771,Isaac,Rivera,Single,Male,United States,07-04-1979
773,11772,AW00011772,Cameron,Moore,Married,Male,United States,21-01-1984
774,11773,AW00011773,Gavin,Diaz,Single,Male,United States,03-01-1979
775,11774,AW00011774,Emma,Sanchez,Married,Female,United States,10-10-1978
776,11775,AW00011775,Sierra,Roberts,Single,Female,United States,
777,11776,AW00011776,Seth,Mitchell,Married,Male,United States,31-12-1978
778,11777,AW00011777,Miranda,Long,Single,Female,United States,21-01-1978
779,11778,AW00011778,Haley,Henderson,Single,Female,United States,17-09-1976
780,11779,AW00011779,Sarah,Jackson,Single,Female,United States,15-01-1977
781,11780,AW00011780,Jessica,Alexander,Single,Female,United States,19-05-1977
782,11781,AW00011781,Carlos,Gray,Married,Male,United States,06-09-1976
783,11782,AW00011782,Barbara,Jai,Married,Female,United States,13-03-1982
784,11783,AW00011783,Sara,Mitchell,Married,Female,United States,13-11-1982
785,11784,AW00011784,Jose,Turner,Married,Male,Canada,18-06-1978
786,11785,AW00011785,Theodore,Diaz,Married,Male,United States,21-02-1983
787,11786,AW00011786,Ian,Murphy,Single,Male,United States,13-03-1978
788,11787,AW00011787,Jerry,Nath,Married,Male,United States,05-03-1978
789,11788,AW00011788,Destiny,James,Single,Female,United States,18-08-1977
790,11789,AW00011789,Bailey,Phillips,Married,Female,United States,16-02-1981
791,11790,AW00011790,Timothy,Gonzalez,Married,Male,United States,17-05-1981
792,11791,AW00011791,Chase,Morgan,Married,Male,United States,19-10-1975
793,11792,AW00011792,Alexia,Perry,Married,Female,United States,24-11-1974
794,11793,AW00011793,Xavier,Rogers,Married,Male,United States,16-03-1980
795,11794,AW00011794,Lauren,Ross,Single,Female,United States,01-05-1975
796,11795,AW00011795,Nicole,Thomas,Single,Female,United States,15-08-1974
797,11796,AW00011796,Isabel,Jenkins,Single,Female,United States,03-08-1985
798,11797,AW00011797,Devin,Coleman,Single,Male,United States,03-03-1980
799,11798,AW00011798,Brendan,Chande,Married,Male,United States,12-08-1974
800,11799,AW00011799,Jessie,Wang,Married,Male,United States,09-09-1980
801,11800,AW00011800,Jennifer,Baker,Married,Female,United States,07-05-1975
802,11801,AW00011801,Aaron,Sharma,Married,Male,United States,16-03-1975
803,11802,AW00011802,Madison,Taylor,Married,Female,Canada,05-02-1977
804,11803,AW00011803,Jan,Hernandez,Single,Female,United States,11-03-1977
805,11804,AW00011804,Haley,Turner,Married,Female,United States,15-10-1976
806,11805,AW00011805,Richard,Green,Married,Male,United States,08-09-1976
807,11806,AW00011806,Jennifer,Stewart,Married,Female,United States,06-08-1982
808,11807,AW00011807,Lucas,Baker,Married,Male,United States,03-03-1977
809,11808,AW00011808,James,Parker,Married,Male,Canada,10-10-1974
810,11809,AW00011809,Juan,Gray,Married,Male,United States,01-07-1973
811,11810,AW00011810,Antonio,Washington,Single,Male,United States,03-01-1978
812,11811,AW00011811,Abigail,Brooks,Single,Female,United States,11-06-1978
813,11812,AW00011812,Andrew,Rodriguez,Married,Male,United States,21-03-1973
814,11813,AW00011813,Mary,Patterson,Married,Female,United States,11-05-1973
815,11814,AW00011814,Dalton,Morgan,Married,Male,United States,05-01-1976
816,11815,AW00011815,Hannah,Patterson,Married,Female,United States,20-04-1981
817,11816,AW00011816,Joe,Torres,Married,Male,United States,19-10-1981
818,11817,AW00011817,Morgan,Miller,Single,Female,United States,23-11-1981
819,11818,AW00011818,Daniel,Garcia,Married,Male,United States,20-10-1975
820,11819,AW00011819,Jose,Lal,Married,Male,United States,08-04-1973
821,11820,AW00011820,Katelyn,Lopez,Married,Female,Canada,22-08-1977
822,11821,AW00011821,Austin,Johnson,Married,Male,United States,13-10-1971
823,11822,AW00011822,Rohinton,Wadia,Married,Female,United States,11-12-1971
824,11823,AW00011823,Morgan,Turner,Married,Female,Canada,20-10-1977
825,11824,AW00011824,Jill,Martin,Married,Female,Canada,03-10-1977
826,11825,AW00011825,Aimee,She,Single,Female,United States,15-11-1971
827,11826,AW00011826,Jessie,Alonso,Married,Female,United States,15-08-1971
828,11827,AW00011827,Sara,Baker,Married,Female,Canada,16-09-1980
829,11828,AW00011828,Katherine,Martinez,Married,Female,United States,04-06-1980
830,11829,AW00011829,Sophia,Campbell,Married,Female,United States,02-05-1975
831,11830,AW00011830,Taylor,Garcia,Married,Female,United States,15-07-1974
832,11831,AW00011831,Christian,Ross,Married,Male,United States,24-05-1975
833,11832,AW00011832,Zoe,Murphy,Single,Female,United States,01-04-1976
834,11833,AW00011833,Oscar,Price,Married,Male,Canada,16-01-1982
835,11834,AW00011834,Fernando,Flores,Single,Male,United States,20-04-1982
836,11835,AW00011835,Elijah,Russell,Single,Male,Canada,17-12-1970
837,11836,AW00011836,Garrett,Travers,Married,Male,United States,25-10-1970
838,11837,AW00011837,Haley,Alexander,Single,Female,United States,05-08-1976
839,11838,AW00011838,Justin,Rodriguez,Single,Male,United States,09-08-1970
840,11839,AW00011839,Tyler,Brown,Single,Male,United States,21-07-1976
841,11840,AW00011840,Julian,Patterson,Married,Male,United States,13-05-1976
842,11841,AW00011841,Sean,Nelson,Married,Male,Canada,13-09-1969
843,11842,AW00011842,Justin,Wilson,Single,Male,United States,03-04-1970
844,11843,AW00011843,Christy,Nara,Single,Female,United States,08-11-1975
845,11844,AW00011844,Michele,Alvarez,Single,Female,United States,06-10-1969
846,11845,AW00011845,Natalie,Jones,Single,Female,Canada,15-02-1930
847,11846,AW00011846,Savannah,Reed,Single,Female,United States,13-12-1969
848,11847,AW00011847,Cassidy,Diaz,Single,Female,United States,31-05-1970
849,11848,AW00011848,Joshua,Lewis,Married,Male,United States,24-02-1975
850,11849,AW00011849,Faith,Reed,Single,Female,United States,13-03-1970
851,11850,AW00011850,Brooke,Ramirez,Single,Female,United States,16-09-1980
852,11851,AW00011851,Jada,Mitchell,Single,Female,United States,07-03-1969
853,11852,AW00011852,Kyle,Russell,Single,Male,United States,23-04-1969
854,11853,AW00011853,Grace,Jones,Single,Female,United States,15-11-1979
855,11854,AW00011854,Jason,Mitchell,Single,Male,United States,16-10-1973
856,11855,AW00011855,Christian,Walker,Married,Male,United States,09-08-1974
857,11856,AW00011856,Seth,Hernandez,Married,Male,United States,13-02-1969
858,11857,AW00011857,Isabella,Young,Single,Female,United States,08-03-1974
859,11858,AW00011858,Jordan,Coleman,Married,Male,United States,05-06-1968
860,11859,AW00011859,Blake,Garcia,Married,Male,United States,08-03-1968
861,11860,AW00011860,Nicole,Walker,Married,Female,United States,09-07-1967
862,11861,AW00011861,Katherine,Carter,Married,Female,Canada,22-10-1967
863,11862,AW00011862,Olivia,Peterson,Single,Female,United States,11-09-1972
864,11863,AW00011863,Jessica,Wood,Married,Female,United States,10-04-1967
865,11864,AW00011864,Elizabeth,Thompson,Married,Female,United States,06-03-1967
866,11865,AW00011865,Chloe,Rivera,Married,Female,United States,06-08-1966
867,11866,AW00011866,Lucas,Scott,Married,Male,United States,30-12-1966
868,11867,AW00011867,Nathaniel,James,Married,Male,United States,21-04-1971
869,11868,AW00011868,Jessica,Peterson,Single,Female,Canada,31-01-1973
870,11869,AW00011869,Kaitlyn,Adams,Single,Female,Canada,01-05-1984
871,11870,AW00011870,Jillian,Garcia,Single,Female,United States,10-07-1978
872,11871,AW00011871,Dalton,Bennett,Single,Male,United States,12-08-1978
873,11872,AW00011872,Faith,Patterson,Single,Female,United States,17-07-1978
874,11873,AW00011873,Ryan,Zhang,Married,Male,United States,09-10-1972
875,11874,AW00011874,Adrian,Bell,Single,Male,United States,06-03-1978
876,11875,AW00011875,Jonathan,Brown,Married,Male,Canada,31-01-1966
877,11876,AW00011876,Madison,White,Married,Female,United States,13-05-1966
878,11877,AW00011877,Alexis,Diaz,Married,Female,United States,06-04-1966
879,11878,AW00011878,Christine,Nara,Married,Female,United States,04-02-1971
880,11879,AW00011879,Edgar,Sai,Married,Male,United States,30-09-1971
881,11880,AW00011880,Melissa,Sanchez,Married,Female,United States,16-02-1965
882,11881,AW00011881,Richard,Mitchell,Married,Male,United States,20-01-1965
883,11882,AW00011882,Patrick,Stewart,Married,Male,United States,05-09-1975
884,11883,AW00011883,Hannah,Anderson,Married,Female,United States,10-02-1965
885,11884,AW00011884,Latoya,Shen,Married,Female,United States,22-04-1970
886,11885,AW00011885,Kurt,Sharma,Married,Male,United States,21-09-1970
887,11886,AW00011886,Katelyn,Parker,Married,Female,United States,20-07-1963
888,11887,AW00011887,Joseph,White,Married,Male,United States,03-10-1963
889,11888,AW00011888,Aaron,Ross,Married,Male,Canada,18-12-1969
890,11889,AW00011889,Blake,Patterson,Single,Male,United States,25-11-1963
891,11890,AW00011890,Whitney,Lopez,Married,Female,United States,14-05-1964
892,11891,AW00011891,Jamie,Liang,Married,Female,United States,13-09-1969
893,11892,AW00011892,Julio,Ortega,Married,Male,Australia,07-04-1975
894,11893,AW00011893,Orlando,Carlson,Married,Male,Australia,09-08-1974
895,11894,AW00011894,Ann,Gonzalez,Married,Female,Australia,30-04-1980
896,11895,AW00011895,Dustin,Chander,Married,Male,Australia,18-01-1975
897,11896,AW00011896,Frank,Carlson,Married,Male,Australia,18-05-1975
898,11897,AW00011897,Orlando,Ashe,Single,Male,Australia,28-05-1974
899,11898,AW00011898,Angela,Henderson,Married,Female,Australia,31-12-1975
900,11899,AW00011899,Brenda,Perez,Single,Female,Australia,15-03-1976
901,11900,AW00011900,Byron,Carlson,Single,Male,Australia,03-03-1981
902,11901,AW00011901,Stacy,Alvarez,Single,Female,Australia,18-08-1973
903,11902,AW00011902,Drew,Pal,Married,Male,Australia,14-09-1972
904,11903,AW00011903,Kate,Raji,Single,Female,Australia,21-10-1985
905,11904,AW00011904,Kaylee,Cook,Single,Female,Australia,05-05-1986
906,11905,AW00011905,Isaiah,Ramirez,Single,Male,Australia,14-12-1974
907,11906,AW00011906,Gabriella,Sanders,Married,Female,Australia,17-08-1972
908,11907,AW00011907,Sarah,Garcia,Single,Female,Australia,07-03-1973
909,11908,AW00011908,Rafael,Tang,Single,Male,Australia,08-01-1972
910,11909,AW00011909,Nichole,She,Married,Female,Australia,10-08-1971
911,11910,AW00011910,Jaclyn,Zheng,Married,Female,Australia,10-12-1971
912,11911,AW00011911,Rachael,Kapoor,Married,Female,Australia,15-05-1972
913,11912,AW00011912,Rachael,Sai,Single,Female,Australia,
914,11913,AW00011913,Rebecca,Robinson,Married,Female,Australia,09-12-1970
915,11914,AW00011914,Meagan,Rana,Single,Female,Australia,05-05-1979
916,11915,AW00011915,Philip,Carlson,Single,Male,Australia,
917,11916,AW00011916,Joe,Rana,Single,Male,Australia,03-09-1976
918,11917,AW00011917,Roy,Sanz,Single,Male,Australia,21-04-1971
919,11918,AW00011918,Kaylee,Hill,Married,Female,Australia,31-08-1969
920,11919,AW00011919,Warren,Andersen,Married,Male,Australia,17-08-1969
921,11920,AW00011920,Adrienne,Gomez,Single,Female,Australia,24-02-1975
922,11921,AW00011921,Gilbert,Zhu,Married,Male,Australia,22-06-1970
923,11922,AW00011922,James,Davis,Single,Male,Canada,13-02-1985
924,11923,AW00011923,Sarah,Bryant,Married,Female,United States,21-04-1985
925,11924,AW00011924,Ian,Long,Single,Male,United States,23-04-1985
926,11925,AW00011925,Ashlee,Jai,Single,Female,United States,05-05-1984
927,11926,AW00011926,Eduardo,Foster,Single,Male,United States,15-09-1983
928,11927,AW00011927,Nicole,Murphy,Single,Female,United States,21-01-1984
929,11928,AW00011928,Isabella,Morris,Married,Female,United States,06-03-1984
930,11929,AW00011929,Virginia,Gonzalez,Single,Female,Australia,08-08-1962
931,11930,AW00011930,Jaclyn,Nara,Married,Female,Australia,31-10-1952
932,11931,AW00011931,Marcus,Adams,Single,Male,United States,12-05-1984
933,11932,AW00011932,Elizabeth,Coleman,Married,Female,United States,08-02-1984
934,11933,AW00011933,Mathew,Rubio,Single,Male,United States,01-09-1982
935,11934,AW00011934,Justin,Shan,Single,Male,United States,13-04-1983
936,11935,AW00011935,Jessica,Taylor,Single,Female,United States,19-05-1983
937,11936,AW00011936,Hunter,Clark,Married,Male,United States,09-10-1982
938,11937,AW00011937,Devin,Perez,Married,Male,United States,03-12-1982
939,11938,AW00011938,Seth,Alexander,Married,Male,United States,21-03-1983
940,11939,AW00011939,Kevin,Washington,Single,Male,United States,20-12-1982
941,11940,AW00011940,Tyler,Miller,Married,Male,United States,09-01-1983
942,11941,AW00011941,Adam,Roberts,Single,Male,United States,26-05-1982
943,11942,AW00011942,George,Gonzalez,Married,Male,Australia,11-12-1954
944,11943,AW00011943,Dawn,Huang,Married,Female,Australia,27-08-1954
945,11944,AW00011944,Rachael,Rodriguez,Single,Female,Australia,13-04-1956
946,11945,AW00011945,Dennis,Huang,Married,Male,United States,11-03-1986
947,11946,AW00011946,Brandy,Saunders,Single,Female,Australia,02-07-1956
948,11947,AW00011947,Jenny,Zheng,Single,Female,Australia,20-04-1957
949,11948,AW00011948,Tasha,Xu,Married,Female,Australia,07-10-1956
950,11949,AW00011949,Julia,Brooks,Single,Female,United States,05-05-1986
951,11950,AW00011950,Jordan,Carter,Married,Female,United States,09-03-1985
952,11951,AW00011951,Lacey,Huang,Married,Female,Australia,03-02-1958
953,11952,AW00011952,Dorothy,Robinson,Single,Male,Australia,22-03-1960
954,11953,AW00011953,Courtney,Wright,Single,Female,United States,03-03-1981
955,11954,AW00011954,Joseph,Garcia,Married,Male,United States,13-02-1981
956,11955,AW00011955,Gabriel,Green,Single,Male,United States,02-10-1980
957,11956,AW00011956,Alexandria,Sandberg,Single,Female,United States,30-08-1985
958,11957,AW00011957,Courtney,Hernandez,Single,Female,United States,09-02-1979
959,11958,AW00011958,Dylan,Lal,Single,Male,United States,06-07-1978
960,11959,AW00011959,Elizabeth,Davis,Single,Female,United States,05-10-1978
961,11960,AW00011960,Ana,Griffin,Single,Female,United States,31-12-1978
962,11961,AW00011961,Anne,Alvarez,Single,Female,United States,22-12-1978
963,11962,AW00011962,Alexandra,Roberts,Single,Female,United States,28-05-1982
964,11963,AW00011963,Antonio,Patterson,Married,Male,Australia,10-12-1960
965,11964,AW00011964,Sharon,Salavaria,Single,Male,Australia,13-02-1967
966,11965,AW00011965,Katie,She,Single,Female,Australia,18-04-1962
967,11966,AW00011966,Rafael,Black,Single,Male,Australia,13-02-1967
968,11967,AW00011967,Latasha,Munoz,Single,Female,Australia,10-08-1962
969,11968,AW00011968,Kelsey,Becker,Single,Female,Australia,19-04-1964
970,11969,AW00011969,Randy,Xu,Single,Male,Australia,22-01-1964
971,11970,AW00011970,Bailey,Collins,Single,Female,United States,12-11-1984
972,11971,AW00011971,Amanda,Adams,Single,Female,United States,03-03-1979
973,11972,AW00011972,Katherine,Williams,Married,Female,United States,20-09-1979
974,11973,AW00011973,Caroline,Barnes,Single,Female,United States,03-08-1979
975,11974,AW00011974,Randy,Sun,Single,Male,United States,07-08-1979
976,11975,AW00011975,Destiny,Garcia,Single,Female,United States,02-04-1980
977,11976,AW00011976,Audrey,Ramos,Single,Female,Australia,22-05-1970
978,11977,AW00011977,Bonnie,Jai,Married,Female,Australia,19-11-1964
979,11978,AW00011978,Jackson,Washington,Married,Male,United States,18-10-1977
980,11979,AW00011979,Christopher,Johnson,Married,Male,Canada,05-11-1962
981,11980,AW00011980,Kimberly,Richardson,Single,Female,United States,17-06-1963
982,11981,AW00011981,Alexandria,Howard,Single,Female,United States,03-08-1962
983,11982,AW00011982,Alexandra,Foster,Single,Female,United States,02-10-1962
984,11983,AW00011983,Cheryl,Ortega,Married,Female,United States,24-02-1968
985,11984,AW00011984,Alex,Campbell,Married,Male,Canada,04-12-1962
986,11985,AW00011985,Melanie,Hughes,Married,Female,United States,18-05-1963
987,11986,AW00011986,Max,Alvarez,Single,Male,Australia,20-01-1969
988,11987,AW00011987,Diane,Vazquez,Married,Female,Australia,26-05-1973
989,11988,AW00011988,Kathryn,Chapman,Single,Female,Australia,17-02-1968
990,11989,AW00011989,Kara,Anand,Single,Female,Australia,20-03-1984
991,11990,AW00011990,Joanna,Vazquez,Single,Female,Australia,12-01-1968
992,11991,AW00011991,Frederick,Martinez,Married,Male,Australia,07-02-1968
993,11992,AW00011992,Tonya,Chande,Single,Female,Australia,09-06-1972
994,11993,AW00011993,Rosa,Wang,Single,Female,Australia,12-09-1977
995,11994,AW00011994,Leah,Hu,Single,Female,Australia,18-10-1977
996,11995,AW00011995,Kelvin,Carson,Married,Male,Australia,12-12-1965
997,11996,AW00011996,Veronica,Srini,Single,Female,Australia,30-01-1966
998,11997,AW00011997,Kristina,Kapoor,Married,Female,Australia,04-04-1971
999,11998,AW00011998,Donna,Sharma,Married,Female,Australia,07-02-1966
1000,11999,AW00011999,Johnny,Shan,Married,Male,Australia,03-12-1965
